INSERT INTO user(user_id,full_name, gender,phone_number,email,date_joined,zone,woreda,job_type,photo_url,region,age,account_status,married)VALUES
('89b29f6a-5655-43d4-9f12-7c4c071253a8','rmfab inpcf','male',251958031425,'fnmnqxnsdh@gmail.com','2024-03-26 18:01:01','KOLFE KERANIO','01','Account','https://images.pexels.com/photos/1366909/pexels-photo-1366909.jpeg?auto=compress&cs=tinysrgb&w=600','Addis Ababa',30,2000,false),
('773b5939-8482-4554-9729-740bcb6e3e3a','vpaqt kyikz','female',251906212658,'xyusnzlcot@gmail.com','2024-03-26 18:01:01','KOLFE KERANIO','01','Account','https://images.pexels.com/photos/1366909/pexels-photo-1366909.jpeg?auto=compress&cs=tinysrgb&w=600','Addis Ababa',30,2000,false),
('0de92d47-9a89-4ca9-8882-74748bf304dd','bixdb shgkn','male',251986725521,'ajwijnkcat@gmail.com','2024-03-26 18:01:01','KOLFE KERANIO','01','Account','https://images.pexels.com/photos/1366909/pexels-photo-1366909.jpeg?auto=compress&cs=tinysrgb&w=600','Addis Ababa',30,2000,false),
('1657b753-c168-47f6-a9c4-b92f40edc75f','oipld nsaho','female',251974207517,'rggvztqjty@gmail.com','2024-03-26 18:01:01','KOLFE KERANIO','01','Account','https://images.pexels.com/photos/1366909/pexels-photo-1366909.jpeg?auto=compress&cs=tinysrgb&w=600','Addis Ababa',30,2000,false),
('d5082b04-7285-4ae1-b12f-74296db99c4b','kgwlg cybaq','male',251933505531,'zhjwiyqwtl@gmail.com','2024-03-26 18:01:01','KOLFE KERANIO','01','Account','https://images.pexels.com/photos/1366909/pexels-photo-1366909.jpeg?auto=compress&cs=tinysrgb&w=600','Addis Ababa',30,2000,false),
('8a29a31b-e61e-43d1-8fd7-d0d204181ba1','fxbls jlbgh','female',251924544077,'dmlstactar@gmail.com','2024-03-26 18:01:01','KOLFE KERANIO','01','Account','https://images.pexels.com/photos/1366909/pexels-photo-1366909.jpeg?auto=compress&cs=tinysrgb&w=600','Addis Ababa',30,2000,false),
('9eba623a-f1f0-4d40-ac2e-f8965a0a99d4','guygr jsque','male',251918206188,'wtzyljwkbw@gmail.com','2024-03-26 18:01:01','KOLFE KERANIO','01','Account','https://images.pexels.com/photos/1366909/pexels-photo-1366909.jpeg?auto=compress&cs=tinysrgb&w=600','Addis Ababa',30,2000,false),
('72d827a9-399c-4354-95dd-c69923e822c7','hxvwt mnwib','female',251917237771,'kvouhvmwjd@gmail.com','2024-03-26 18:01:01','KOLFE KERANIO','01','Account','https://images.pexels.com/photos/1366909/pexels-photo-1366909.jpeg?auto=compress&cs=tinysrgb&w=600','Addis Ababa',30,2000,false),
('6286c06c-9a15-4823-97a7-443a2f1fc7a9','yrfkb psxpm','male',251946733317,'ilpjhsxrtb@gmail.com','2024-03-26 18:01:01','KOLFE KERANIO','01','Account','https://images.pexels.com/photos/1366909/pexels-photo-1366909.jpeg?auto=compress&cs=tinysrgb&w=600','Addis Ababa',30,2000,false),
('2466b299-502e-47e2-8374-780c3816378a','tcdsf hiupd','female',251917873802,'jagtdlhrwb@gmail.com','2024-03-26 18:01:01','KOLFE KERANIO','01','Account','https://images.pexels.com/photos/1366909/pexels-photo-1366909.jpeg?auto=compress&cs=tinysrgb&w=600','Addis Ababa',30,2000,false),
('057df029-69a0-4c87-b3d1-859ec07bee75','fhwaa mkrxh','male',251932054282,'bxlndgbbgt@gmail.com','2024-03-26 18:01:01','KOLFE KERANIO','01','Account','https://images.pexels.com/photos/1366909/pexels-photo-1366909.jpeg?auto=compress&cs=tinysrgb&w=600','Addis Ababa',30,2000,false),
('111243f0-7436-4e07-b1f8-3207b9525749','vfqwx zwnmt','female',251941511671,'oegfofjdlh@gmail.com','2024-03-26 18:01:01','KOLFE KERANIO','01','Account','https://images.pexels.com/photos/1366909/pexels-photo-1366909.jpeg?auto=compress&cs=tinysrgb&w=600','Addis Ababa',30,2000,false),
('6a611d14-cf1b-43f0-9c93-5d438c120473','zhcln pjgxn','male',251934417150,'nmvisiexyp@gmail.com','2024-03-26 18:01:01','KOLFE KERANIO','01','Account','https://images.pexels.com/photos/1366909/pexels-photo-1366909.jpeg?auto=compress&cs=tinysrgb&w=600','Addis Ababa',30,2000,false),
('0face565-83fb-43d9-b726-536895905186','ndewq xxjjh','female',251904823622,'mkxkfkibqa@gmail.com','2024-03-26 18:01:01','KOLFE KERANIO','01','Account','https://images.pexels.com/photos/1366909/pexels-photo-1366909.jpeg?auto=compress&cs=tinysrgb&w=600','Addis Ababa',30,2000,false),
('81e7b76c-6ec8-473d-905a-a58f553d264c','mherl ubitz','male',251915638101,'jaystpeqxp@gmail.com','2024-03-26 18:01:01','KOLFE KERANIO','01','Account','https://images.pexels.com/photos/1366909/pexels-photo-1366909.jpeg?auto=compress&cs=tinysrgb&w=600','Addis Ababa',30,2000,false),
('2020575a-b23b-4038-be3b-f8a6ce40454c','nznvu bkrpi','female',251960361826,'fbczrlgfpf@gmail.com','2024-03-26 18:01:01','KOLFE KERANIO','01','Account','https://images.pexels.com/photos/1366909/pexels-photo-1366909.jpeg?auto=compress&cs=tinysrgb&w=600','Addis Ababa',30,2000,false),
('ba1aef7c-9acf-4a9b-bc88-fc238a47d1bf','suicm yxsgv','male',251973660840,'qxyskkvcuz@gmail.com','2024-03-26 18:01:01','KOLFE KERANIO','01','Account','https://images.pexels.com/photos/1366909/pexels-photo-1366909.jpeg?auto=compress&cs=tinysrgb&w=600','Addis Ababa',30,2000,false),
('e45fd338-33d4-4932-b76c-99ee231dfff4','fmbii uciwb','female',251958146151,'ouixijjjle@gmail.com','2024-03-26 18:01:01','KOLFE KERANIO','01','Account','https://images.pexels.com/photos/1366909/pexels-photo-1366909.jpeg?auto=compress&cs=tinysrgb&w=600','Addis Ababa',30,2000,false),
('dffc5659-6cf3-4400-9192-bcdabb02465a','hmwyl zpuek','male',251976214012,'dxcrojbcfh@gmail.com','2024-03-26 18:01:01','KOLFE KERANIO','01','Account','https://images.pexels.com/photos/1366909/pexels-photo-1366909.jpeg?auto=compress&cs=tinysrgb&w=600','Addis Ababa',30,2000,false),
('62f08fc4-4c29-4211-9b16-eb58d1cc24eb','xocpt lyojo','female',251910808487,'viqsphmnnc@gmail.com','2024-03-26 18:01:01','KOLFE KERANIO','01','Account','https://images.pexels.com/photos/1366909/pexels-photo-1366909.jpeg?auto=compress&cs=tinysrgb&w=600','Addis Ababa',30,2000,false),
('42779bcb-896d-4992-b755-d2a222cd0f17','cmgno uxnyy','male',251924563737,'dbivlzvrvz@gmail.com','2024-03-26 18:01:01','KOLFE KERANIO','01','Account','https://images.pexels.com/photos/1366909/pexels-photo-1366909.jpeg?auto=compress&cs=tinysrgb&w=600','Addis Ababa',30,2000,false),
('e36958ac-b7b9-4e54-992c-35b27361b50f','wtlvu ipkcf','female',251954762705,'dglilidhoq@gmail.com','2024-03-26 18:01:01','KOLFE KERANIO','01','Account','https://images.pexels.com/photos/1366909/pexels-photo-1366909.jpeg?auto=compress&cs=tinysrgb&w=600','Addis Ababa',30,2000,false),
('89652757-3bd8-41dc-a672-a47b675fd1b2','jnveh mzylq','male',251934177758,'iebpfelutd@gmail.com','2024-03-26 18:01:01','KOLFE KERANIO','01','Account','https://images.pexels.com/photos/1366909/pexels-photo-1366909.jpeg?auto=compress&cs=tinysrgb&w=600','Addis Ababa',30,2000,false),
('8f93032e-39f9-4913-a723-34b294800e58','tzxov ggwmi','female',251985383776,'uaivggbxvd@gmail.com','2024-03-26 18:01:01','KOLFE KERANIO','01','Account','https://images.pexels.com/photos/1366909/pexels-photo-1366909.jpeg?auto=compress&cs=tinysrgb&w=600','Addis Ababa',30,2000,false),
('cb6acd13-3ba9-4527-8479-14bee579aba0','czfki zcfyv','male',251964836827,'zwcnggsjcb@gmail.com','2024-03-26 18:01:01','KOLFE KERANIO','01','Account','https://images.pexels.com/photos/1366909/pexels-photo-1366909.jpeg?auto=compress&cs=tinysrgb&w=600','Addis Ababa',30,2000,false),
('7d9769a3-36fd-47df-9f10-2fb16f807f75','pwxkx kpqsx','female',251988621621,'hotlvutvyd@gmail.com','2024-03-26 18:01:01','KOLFE KERANIO','01','Account','https://images.pexels.com/photos/1366909/pexels-photo-1366909.jpeg?auto=compress&cs=tinysrgb&w=600','Addis Ababa',30,2000,false),
('488181b4-ddac-4788-8b8a-0fb3b74755d3','sqfcw zgfyz','male',251947588830,'hlnjmxtmmx@gmail.com','2024-03-26 18:01:01','KOLFE KERANIO','01','Account','https://images.pexels.com/photos/1366909/pexels-photo-1366909.jpeg?auto=compress&cs=tinysrgb&w=600','Addis Ababa',30,2000,false),
('00a66fdc-3229-40b6-8149-02fd47c7baaf','auozx smwes','female',251935063040,'yhkxouqxxi@gmail.com','2024-03-26 18:01:01','KOLFE KERANIO','01','Account','https://images.pexels.com/photos/1366909/pexels-photo-1366909.jpeg?auto=compress&cs=tinysrgb&w=600','Addis Ababa',30,2000,false),
('0269695f-ef82-4dda-8cf5-e2767286f0d2','hwolc yjtdb','male',251950757572,'srloqghlrj@gmail.com','2024-03-26 18:01:01','KOLFE KERANIO','01','Account','https://images.pexels.com/photos/1366909/pexels-photo-1366909.jpeg?auto=compress&cs=tinysrgb&w=600','Addis Ababa',30,2000,false),
('f314ff2c-1c51-41eb-820e-e0e1667f634a','fpbgx xgvfa','female',251973021500,'zpbluewodp@gmail.com','2024-03-26 18:01:01','KOLFE KERANIO','01','Account','https://images.pexels.com/photos/1366909/pexels-photo-1366909.jpeg?auto=compress&cs=tinysrgb&w=600','Addis Ababa',30,2000,false),
('ab3bb798-6a09-4975-afaa-d0655b90ef17','jvnlj gdbkc','male',251965662045,'hknkziqign@gmail.com','2024-03-26 18:01:01','KOLFE KERANIO','01','Account','https://images.pexels.com/photos/1366909/pexels-photo-1366909.jpeg?auto=compress&cs=tinysrgb&w=600','Addis Ababa',30,2000,false),
('ffa72071-a688-4af4-a506-630d25dbacc7','vufvh rfojq','female',251987707774,'wbvavhrsns@gmail.com','2024-03-26 18:01:01','KOLFE KERANIO','01','Account','https://images.pexels.com/photos/1366909/pexels-photo-1366909.jpeg?auto=compress&cs=tinysrgb&w=600','Addis Ababa',30,2000,false),
('98711824-71c7-4bb4-b551-9783d2bcd65a','gzdcg eqeii','male',251922828671,'fqtcnirjce@gmail.com','2024-03-26 18:01:01','KOLFE KERANIO','01','Account','https://images.pexels.com/photos/1366909/pexels-photo-1366909.jpeg?auto=compress&cs=tinysrgb&w=600','Addis Ababa',30,2000,false),
('b511fb53-f60a-4ca9-8774-e130bbcf3a88','xqlll qogxe','female',251955073074,'ckufyewvpr@gmail.com','2024-03-26 18:01:01','KOLFE KERANIO','01','Account','https://images.pexels.com/photos/1366909/pexels-photo-1366909.jpeg?auto=compress&cs=tinysrgb&w=600','Addis Ababa',30,2000,false),
('3fd09a10-eb44-477b-a5c0-994f5dcfff81','njrnb asezb','male',251931303251,'skwkpqqncu@gmail.com','2024-03-26 18:01:01','KOLFE KERANIO','01','Account','https://images.pexels.com/photos/1366909/pexels-photo-1366909.jpeg?auto=compress&cs=tinysrgb&w=600','Addis Ababa',30,2000,false),
('0032c535-e295-4e0d-b418-0646f1c1b5b9','zvalw tfyic','female',251958080461,'xppbutuvas@gmail.com','2024-03-26 18:01:01','KOLFE KERANIO','01','Account','https://images.pexels.com/photos/1366909/pexels-photo-1366909.jpeg?auto=compress&cs=tinysrgb&w=600','Addis Ababa',30,2000,false),
('1618f396-1cd6-4592-8b6d-9ba7388579aa','iyapp embfz','male',251980515366,'gfnclfxeja@gmail.com','2024-03-26 18:01:01','KOLFE KERANIO','01','Account','https://images.pexels.com/photos/1366909/pexels-photo-1366909.jpeg?auto=compress&cs=tinysrgb&w=600','Addis Ababa',30,2000,false),
('60b9f9b3-f80b-4c00-b753-105225c246ad','fivgr zyspt','female',251922270453,'xfccnezgwz@gmail.com','2024-03-26 18:01:01','KOLFE KERANIO','01','Account','https://images.pexels.com/photos/1366909/pexels-photo-1366909.jpeg?auto=compress&cs=tinysrgb&w=600','Addis Ababa',30,2000,false),
('940d82af-3814-4e06-971a-fbefa6380829','lkenk gsiec','male',251970511145,'aavoysdrvm@gmail.com','2024-03-26 18:01:01','KOLFE KERANIO','01','Account','https://images.pexels.com/photos/1366909/pexels-photo-1366909.jpeg?auto=compress&cs=tinysrgb&w=600','Addis Ababa',30,2000,false),
('389b1a5d-042e-4dd4-927c-0b037e5200d6','mibgy qryyr','female',251915805008,'nnzkygwntv@gmail.com','2024-03-26 18:01:01','KOLFE KERANIO','01','Account','https://images.pexels.com/photos/1366909/pexels-photo-1366909.jpeg?auto=compress&cs=tinysrgb&w=600','Addis Ababa',30,2000,false),
('89ffb82f-d423-42de-b579-9b06c9be7887','kulkd eqyuu','male',251903241800,'dgzrzqwnxc@gmail.com','2024-03-26 18:01:01','KOLFE KERANIO','01','Account','https://images.pexels.com/photos/1366909/pexels-photo-1366909.jpeg?auto=compress&cs=tinysrgb&w=600','Addis Ababa',30,2000,false),
('e404067d-fb39-4a84-a985-86d3c98255f7','hmwus pvaon','female',251915736480,'teckirfobf@gmail.com','2024-03-26 18:01:01','KOLFE KERANIO','01','Account','https://images.pexels.com/photos/1366909/pexels-photo-1366909.jpeg?auto=compress&cs=tinysrgb&w=600','Addis Ababa',30,2000,false),
('aa0aae6b-c7ee-433d-81ca-e955d0c0deea','ipekv pkapp','male',251955736783,'xfhwczppij@gmail.com','2024-03-26 18:01:01','KOLFE KERANIO','01','Account','https://images.pexels.com/photos/1366909/pexels-photo-1366909.jpeg?auto=compress&cs=tinysrgb&w=600','Addis Ababa',30,2000,false),
('94dbcc96-f28b-4ca2-9dee-ac61b85b8f92','vasfc durxe','female',251953507533,'hfcnwdlcec@gmail.com','2024-03-26 18:01:01','KOLFE KERANIO','01','Account','https://images.pexels.com/photos/1366909/pexels-photo-1366909.jpeg?auto=compress&cs=tinysrgb&w=600','Addis Ababa',30,2000,false),
('98e0f8d1-d075-4804-a84f-d112d5d873ab','iizxt xtpxz','male',251932307405,'eqrpesthjq@gmail.com','2024-03-26 18:01:01','KOLFE KERANIO','01','Account','https://images.pexels.com/photos/1366909/pexels-photo-1366909.jpeg?auto=compress&cs=tinysrgb&w=600','Addis Ababa',30,2000,false),
('fb73d6ff-169f-4b42-a3a4-163599848a19','neyhm penhm','female',251928685611,'djpsocqevh@gmail.com','2024-03-26 18:01:01','KOLFE KERANIO','01','Account','https://images.pexels.com/photos/1366909/pexels-photo-1366909.jpeg?auto=compress&cs=tinysrgb&w=600','Addis Ababa',30,2000,false),
('7205cb2d-5db3-49db-b9e5-f6a07bd2dd5a','jtijs xncep','male',251916102434,'fkqmaxlsup@gmail.com','2024-03-26 18:01:01','KOLFE KERANIO','01','Account','https://images.pexels.com/photos/1366909/pexels-photo-1366909.jpeg?auto=compress&cs=tinysrgb&w=600','Addis Ababa',30,2000,false),
('25a9679d-5da4-4dda-950b-434aa26886f9','qbrii wytes','female',251943422362,'jjojuyymmc@gmail.com','2024-03-26 18:01:01','KOLFE KERANIO','01','Account','https://images.pexels.com/photos/1366909/pexels-photo-1366909.jpeg?auto=compress&cs=tinysrgb&w=600','Addis Ababa',30,2000,false),
('fdd857a2-8ebf-4295-b118-0669903f925e','ruvkp acshs','male',251978001743,'flucgmlsyf@gmail.com','2024-03-26 18:01:01','KOLFE KERANIO','01','Account','https://images.pexels.com/photos/1366909/pexels-photo-1366909.jpeg?auto=compress&cs=tinysrgb&w=600','Addis Ababa',30,2000,false),
('8887f1d0-658e-4720-83f4-7a3dcc900e56','iquza nwovz','female',251961700827,'dvifdypbzd@gmail.com','2024-03-26 18:01:01','KOLFE KERANIO','01','Account','https://images.pexels.com/photos/1366909/pexels-photo-1366909.jpeg?auto=compress&cs=tinysrgb&w=600','Addis Ababa',30,2000,false);
INSERT INTO user_auth(user_id,auth_string,user_role)VALUES
('89b29f6a-5655-43d4-9f12-7c4c071253a8','$2b$08$djAqs8v1OQOn69oQfr2sVObH/gJQcjp07TYsQfbtg6B3IaoLN6sUK',3000),
('773b5939-8482-4554-9729-740bcb6e3e3a','$2b$08$vRbtb4Sa57/S/56JttTXoeerjqcYUdRgrxSb1RWKsiEiFQXrKsA/2',1000),
('0de92d47-9a89-4ca9-8882-74748bf304dd','$2b$08$f3qKGV5QsX.xTy.pJlEWKO2x3tYr3yqbi3iG1Wjl37oJdVarBs4.e',2000),
('1657b753-c168-47f6-a9c4-b92f40edc75f','$2b$08$sztBIhIw2bvvtHatf1y4puSzP2ThQGiDfXLhc9sqLFBJHBziC.qqK',1000),
('d5082b04-7285-4ae1-b12f-74296db99c4b','$2b$08$XtUgKT2SypapF7y4242Eq.I.9fswSPpdDgPF3jr1Jey7UXT42uTXy',2000),
('8a29a31b-e61e-43d1-8fd7-d0d204181ba1','$2b$08$BTV/v9e6MjcmvxvDz.A.geWATVFSqo9b/iTkhE4.5CoRizXCgtAzy',3000),
('9eba623a-f1f0-4d40-ac2e-f8965a0a99d4','$2b$08$gHy1sPY1RnHbLuS7OJ4MdO6EAOatzFIU05uxK8vrB.IlmJpXYZeUO',2000),
('72d827a9-399c-4354-95dd-c69923e822c7','$2b$08$KeqEZwwJTytDC2.73Lmgr.h2EQLhr.wiILYqqqUZUXE2W0eNhcRm2',1000),
('6286c06c-9a15-4823-97a7-443a2f1fc7a9','$2b$08$kxqXnHP8DhMsM4aq7bQupOhZw9vV7TJD9wAw6.Srha.SR90ikMOVq',2000),
('2466b299-502e-47e2-8374-780c3816378a','$2b$08$8PGBiQ9v9ktQdjPGoWWmUeibO7ePVSVCnrh5NV5lqeiyhEJ1VgNkC',1000),
('057df029-69a0-4c87-b3d1-859ec07bee75','$2b$08$qJ17xxbeyllmNeTN5cVH.e0d5FR1bAk4ylNS1rhVMIYUUTGsEtXky',3000),
('111243f0-7436-4e07-b1f8-3207b9525749','$2b$08$QR95v3krSpRMJFlqxBgj8./ceXUCr1glbvUs40I4mGJq7CrCfxAQm',1000),
('6a611d14-cf1b-43f0-9c93-5d438c120473','$2b$08$wxIvRI.2mULLzYFKC7/0Ue8T9qrXCWmO5x.S3A/lRF.qZ8mZKoLsi',2000),
('0face565-83fb-43d9-b726-536895905186','$2b$08$Y.E7od6Lar.ZU6Whz/Ho/OKpKrSmhJfgs9ad7oBTHRvtEuBWNiYce',1000),
('81e7b76c-6ec8-473d-905a-a58f553d264c','$2b$08$xEWX7z2wkhBW9VcAW8gKGuPPQnl8g/2ErLZ/9pK5bzxByXWHh7VPS',2000),
('2020575a-b23b-4038-be3b-f8a6ce40454c','$2b$08$O3MZCDzLwcazZxy.84OdR.XS7SHU53JWwMmZVrfjKvSmpaqKar7qS',3000),
('ba1aef7c-9acf-4a9b-bc88-fc238a47d1bf','$2b$08$wn3Go0LFqLRjtaYNXvKoGuTRFo5iC5gBmOijLB8W2SZrGAUThpxDq',2000),
('e45fd338-33d4-4932-b76c-99ee231dfff4','$2b$08$mdc3WXOjPh0I2vLZCU.OtOc4/hYP.5JbmRtDFEiMAPvjMgYEBmWgO',1000),
('dffc5659-6cf3-4400-9192-bcdabb02465a','$2b$08$wg1if2PplWzk2OxY61NANegq6uSkA08yWLFuVr84sdrIoicVNptH6',2000),
('62f08fc4-4c29-4211-9b16-eb58d1cc24eb','$2b$08$3LRLRRV8brdVMPDtz/J0AubUFGTZ9mjQpQ.jUSl0wX4kFtG9WBup.',1000),
('42779bcb-896d-4992-b755-d2a222cd0f17','$2b$08$xBKASlolyILClJBLNPzBb.2I8CVuAjrNv30YWilNh.2MYmnzaDVYG',3000),
('e36958ac-b7b9-4e54-992c-35b27361b50f','$2b$08$QD79P5husHkte8KzHR5G6u.jX0TZQKEi7NIGQFmFmcDtO8/theMWS',1000),
('89652757-3bd8-41dc-a672-a47b675fd1b2','$2b$08$LdEROT15gsUmFTX74ycYDOfaWmlTHomg1Ytl01qCdtML9PQV4MY2O',2000),
('8f93032e-39f9-4913-a723-34b294800e58','$2b$08$/I6GaiLIw9OKiCloq9CW4./W2E6RuvLEDkiyl2bkeeR.u4h.hdeDi',1000),
('cb6acd13-3ba9-4527-8479-14bee579aba0','$2b$08$gEYv1zo2IryPXYMRbDMXLu.bBRe92OsSqEXylmCcr1vKCicQbo.WO',2000),
('7d9769a3-36fd-47df-9f10-2fb16f807f75','$2b$08$IAM2b4rsGwFzSfeI7PfKM.LL94PWjzELs9Mf.iwcO/HGAg79ONA0.',3000),
('488181b4-ddac-4788-8b8a-0fb3b74755d3','$2b$08$9O3WtbYxi4eDy0AjmC2nqOQoGyeuEvt2yY5ZidvKATyZBbh4xnJt6',2000),
('00a66fdc-3229-40b6-8149-02fd47c7baaf','$2b$08$08oOBEtOCzGpT9mDtne3ge4QCSbGVp/cyAXidgMgOt2eTLf/kGJ/2',1000),
('0269695f-ef82-4dda-8cf5-e2767286f0d2','$2b$08$PbnU2vT2SeiaG1VOiguLi.ghgONQaZzQD9ml65yhGIgbEabQoYMWm',2000),
('f314ff2c-1c51-41eb-820e-e0e1667f634a','$2b$08$S0xZUAx2w5ChuE2rj0SI8OPf2La32/GEi5EaGz05N6G7QtM5epJWC',1000),
('ab3bb798-6a09-4975-afaa-d0655b90ef17','$2b$08$WHuug8n2eJMy9Vq7vyYIwuWa9T0XVgjVKGaXxJmazocJWqLFWQxh6',3000),
('ffa72071-a688-4af4-a506-630d25dbacc7','$2b$08$guEmxq/yoe.XaGFMkTAtAezb8BzV4Gh9ga6yDYGkYtVkZ1v49KdHy',1000),
('98711824-71c7-4bb4-b551-9783d2bcd65a','$2b$08$pLuwlVKz7Bidkldll2Wk1.a5XRTdGDR6eqAoka9AM8Hyaqiblhilm',2000),
('b511fb53-f60a-4ca9-8774-e130bbcf3a88','$2b$08$1LsPg6XQW6QwneHXz0NHteGgJviwvkHU/yq85mBg1pZ.2tWIlm38W',1000),
('3fd09a10-eb44-477b-a5c0-994f5dcfff81','$2b$08$CvCL2Up0QyVguzgVw0BujeVcejXqU2UhJ3J9y8UWCfQ2lqiExWkr2',2000),
('0032c535-e295-4e0d-b418-0646f1c1b5b9','$2b$08$ZjLyI0C.ijO4hclK6j6dce.vsY6yYY9O501KowSY20iOAOImDvqa6',3000),
('1618f396-1cd6-4592-8b6d-9ba7388579aa','$2b$08$gWc8oEpHamukNLr7eg5/0.50nAVjN8H72Q89YTMV4a1vrZOb.XVtu',2000),
('60b9f9b3-f80b-4c00-b753-105225c246ad','$2b$08$HX66g2qqsYHSyPRDwXDbJOe/TfFmMfzFJx8nZUitBnX9xSY.mZQVO',1000),
('940d82af-3814-4e06-971a-fbefa6380829','$2b$08$RTiYoGXtBUrzUzwNn2YYzOcWZJsbHZld3t0n0UyOVzTlfV.Yg8hve',2000),
('389b1a5d-042e-4dd4-927c-0b037e5200d6','$2b$08$CSTmw43tVA/bkQ.l3qRNR.9WxdSOVWH8fLN0EyL61izBxDLlhPzaO',1000),
('89ffb82f-d423-42de-b579-9b06c9be7887','$2b$08$11P3vtCJucJarFhBz/1T.e9T3B/dFKKIotl..gwNVQ6IgnCupacEi',3000),
('e404067d-fb39-4a84-a985-86d3c98255f7','$2b$08$kOt2aNp.f9zS4EfODizUCOe6A17tIkxf9rw0k8Qi/BNo2G1YeradK',1000),
('aa0aae6b-c7ee-433d-81ca-e955d0c0deea','$2b$08$ijC9exPjMiVAVGUGWjFM7.SzmiJeWJmGX9inJgOAXMNWtxjXEgiVi',2000),
('94dbcc96-f28b-4ca2-9dee-ac61b85b8f92','$2b$08$0HQf8g1ZAMqqiBX6JBlLKO/IYvBMqQ.Y6t0V5jHI7jiVA8Skk9KXC',1000),
('98e0f8d1-d075-4804-a84f-d112d5d873ab','$2b$08$dSvcLrTkHxU83xlHnWvzje5Y5xjZWDd9UFNoDn/uVJ9bXfczxjYmC',2000),
('fb73d6ff-169f-4b42-a3a4-163599848a19','$2b$08$pLGpwO8t0n1.osDrqtfyauP/NsY1eeX2GKnOtwXjQHXgwxvrZNCxa',3000),
('7205cb2d-5db3-49db-b9e5-f6a07bd2dd5a','$2b$08$O/EnAQWHpdh.bY2/4HWBEOybjEv.a.w6n6Vlh6RRyWcSs3PS4WdJ.',2000),
('25a9679d-5da4-4dda-950b-434aa26886f9','$2b$08$/SlBZEh0hIDsOEWTvS4nBOw.M06URKNM1IsVq5D6VYe2T8C.E8hWC',1000),
('fdd857a2-8ebf-4295-b118-0669903f925e','$2b$08$4fVbX5PyAsNQw..xl0UoFuthsPYfKvcKwcgJjTeDxhCo/S9tb8VsO',2000),
('8887f1d0-658e-4720-83f4-7a3dcc900e56','$2b$08$1XCykWiZL1h.9HMJYV43MOp/Sc2Eqy.M/XbMDVndF31m0YZsACHiW',1000);

INSERT INTO passwords(user_id, pass)
VALUES('89b29f6a-5655-43d4-9f12-7c4c071253a8','usxbmnly'),
('773b5939-8482-4554-9729-740bcb6e3e3a','nneuvmlf'),
('0de92d47-9a89-4ca9-8882-74748bf304dd','aywdnldt'),
('1657b753-c168-47f6-a9c4-b92f40edc75f','cwumjhea'),
('d5082b04-7285-4ae1-b12f-74296db99c4b','hfhhtgsx'),
('8a29a31b-e61e-43d1-8fd7-d0d204181ba1','qmjksifv'),
('9eba623a-f1f0-4d40-ac2e-f8965a0a99d4','jfisoihk'),
('72d827a9-399c-4354-95dd-c69923e822c7','ycpzpjbk'),
('6286c06c-9a15-4823-97a7-443a2f1fc7a9','suypgxgr'),
('2466b299-502e-47e2-8374-780c3816378a','zavkbinq'),
('057df029-69a0-4c87-b3d1-859ec07bee75','oimpudcd'),
('111243f0-7436-4e07-b1f8-3207b9525749','woqfxhbn'),
('6a611d14-cf1b-43f0-9c93-5d438c120473','wkvrcxum'),
('0face565-83fb-43d9-b726-536895905186','bklsjzyp'),
('81e7b76c-6ec8-473d-905a-a58f553d264c','tmqzveik'),
('2020575a-b23b-4038-be3b-f8a6ce40454c','opkfgsnf'),
('ba1aef7c-9acf-4a9b-bc88-fc238a47d1bf','ihadprnq'),
('e45fd338-33d4-4932-b76c-99ee231dfff4','pjzdjolf'),
('dffc5659-6cf3-4400-9192-bcdabb02465a','yxgebbuh'),
('62f08fc4-4c29-4211-9b16-eb58d1cc24eb','taeaupvj'),
('42779bcb-896d-4992-b755-d2a222cd0f17','ecdtfewm'),
('e36958ac-b7b9-4e54-992c-35b27361b50f','veasmyxj'),
('89652757-3bd8-41dc-a672-a47b675fd1b2','kvwegkwf'),
('8f93032e-39f9-4913-a723-34b294800e58','hoaznchy'),
('cb6acd13-3ba9-4527-8479-14bee579aba0','zgrjrojs'),
('7d9769a3-36fd-47df-9f10-2fb16f807f75','byuabbqo'),
('488181b4-ddac-4788-8b8a-0fb3b74755d3','qwgoengp'),
('00a66fdc-3229-40b6-8149-02fd47c7baaf','dymjodbv'),
('0269695f-ef82-4dda-8cf5-e2767286f0d2','ezmrejga'),
('f314ff2c-1c51-41eb-820e-e0e1667f634a','rzgdxocx'),
('ab3bb798-6a09-4975-afaa-d0655b90ef17','ekqcjxxi'),
('ffa72071-a688-4af4-a506-630d25dbacc7','sddylcom'),
('98711824-71c7-4bb4-b551-9783d2bcd65a','stssaiva'),
('b511fb53-f60a-4ca9-8774-e130bbcf3a88','zrszicbf'),
('3fd09a10-eb44-477b-a5c0-994f5dcfff81','xtxezrpe'),
('0032c535-e295-4e0d-b418-0646f1c1b5b9','tnqpskfu'),
('1618f396-1cd6-4592-8b6d-9ba7388579aa','icwaaqrc'),
('60b9f9b3-f80b-4c00-b753-105225c246ad','ykvginee'),
('940d82af-3814-4e06-971a-fbefa6380829','utpdiuik'),
('389b1a5d-042e-4dd4-927c-0b037e5200d6','ckagudle'),
('89ffb82f-d423-42de-b579-9b06c9be7887','shtkbjmj'),
('e404067d-fb39-4a84-a985-86d3c98255f7','lfgxlzic'),
('aa0aae6b-c7ee-433d-81ca-e955d0c0deea','ebyehjjl'),
('94dbcc96-f28b-4ca2-9dee-ac61b85b8f92','hdupnmuf'),
('98e0f8d1-d075-4804-a84f-d112d5d873ab','tiwaoyll'),
('fb73d6ff-169f-4b42-a3a4-163599848a19','jrgfmydn'),
('7205cb2d-5db3-49db-b9e5-f6a07bd2dd5a','vcvzakpa'),
('25a9679d-5da4-4dda-950b-434aa26886f9','osutjdan'),
('fdd857a2-8ebf-4295-b118-0669903f925e','wedetaej'),
('8887f1d0-658e-4720-83f4-7a3dcc900e56','rldgkdfc');